city,site,for_ever_temp,for_ever_taig,for_ever_trop,for_dec_trop,for_dec_temp,for_mix,shrub_trop,shrub_temp,grass_trop,grass_temp,shrub_lich,grass_lich,barren_lich,wetland,cropland,barren,urban,water,ice,mpa_undev,pd_undev,ed_undev,enn_mn_undev,sdhi,for_all,shrub_all,grass_all,veg_woody,veg_all,natural,develop,prop_ndvi_0.5,prop_ndvi_0.6,prop_ndvi_avg,POPDEN2020,med_income,Impervious,city_site,units_lead,pm2.5_count,avg_ptsdf,prox_heavy_traffic,avg_pnpl,avg_rsei,avg_pwdis,diesel_tons_km2,avg_prmp,avg_ozone,SEWA_LEAD_PCT,SEWA_PM25_PCT,SEWA_PTSDF_PCT,SEWA_TRAFFIC_PCT,SEWA_PNPL_PCT,SEWA_TOXIC_PCT,SEWA_PWDIS_PCT,SEWA_OZONE_PCT,SEWA_DIESEL_PCT,SEWA_PRMP_PCT,SEWA_EXPOSURE,SEWA_RISK,SEWA_BURDEN,SEWA_BURDEN_SCALED,SEWA_BURDEN_PERCENTILE
sewa,BGP1,0,0,0,0,0,0,0,0.00363331470095025,0,0,0,0,0,0,0.00558971492453885,0.00251537171604248,0.988261598658469,0,0,0.495,1.24215887211974,4.65809577044904,496.416847772038,0.0719682596383672,0,0.00363331470095025,0,0.00363331470095025,0.00363331470095025,0.00614868641699273,0.993851313583007,0.654363300817295,0.294621671500132,0.53296147786643,3211.52905273438,145577.15625,53.5740013122559,sewa_BGP1,1216.28515625,0.449933677911758,3.222980260849,103760.0078125,0.0901646688580513,6233.92236328125,2.00530939764576e-5,7.49799251556396,0.147402912378311,47.1617393493652,33,19,14,15,13,18,12,5,12,7,13.5,8.375,14.5833333333333,5.05780346820809,14
sewa,BRF1,0.00726866088901314,0,0,0,0.0162147050601062,0.00922560805143975,0,0.0103438635728264,0,0.0134190662566396,0,0,0,0.0958904109589041,0.0125803746155997,0.0757618115739447,0.74811294380766,0.0111825552138664,0,6.12,3.72751840462212,56.099151989563,119.115628718017,0.659534712947891,0.0327089740005591,0.0103438635728264,0.0134190662566396,0.0430528375733855,0.0564719038300252,0.228124126362874,0.76069331842326,0.550178029803508,0.421337201635237,0.516446503303058,1120.31274414062,59065.57421875,46.226863861084,sewa_BRF1,404.630401611328,0.448966652154922,5.27032279968262,234674.75,0.331727117300034,10776.34375,0.0540226623415947,22.1714859008789,1.23164892196655,51.1714897155762,17,17,19,30,24,23,29,19,23,24,20.5,10.5,20.6666666666667,7.16763005780347,23
sewa,DOS1,0.0499168053244592,0,0,0,0.0257903494176373,0.370493621741542,0,0.0293954520244038,0,0.0183028286189684,0,0,0,0.149750415973378,0.10648918469218,0,0.246256239600666,0.0036051026067665,0,26.11125,2.46502742343009,67.6650027731559,60.8852549156242,0.887477075537887,0.446200776483638,0.0293954520244038,0.0183028286189684,0.475596228508042,0.493899057127011,0.643649473100388,0.352745424292845,0.977185810365291,0.93393116180931,0.819565816953254,508.240600585938,126155.4609375,8.84261417388916,sewa_DOS1,140.527191162109,0.372566968202591,0.0799999982118607,16832.884765625,0.0300590991973877,1092.77941894531,NA,0.752304911613464,0.100000001490116,53.7619857788086,8,1,2,1,1,1,NA,29,1,1,8,1.5,6.33333333333333,2.19653179190751,1
sewa,DRP2,0.00695410292072323,0,0,0,0.00305980528511822,0.00278164116828929,0,0,0,0,0,0,0,0,0,0.0169680111265647,0.941307371349096,0.0289290681502086,0,1.20375,2.47256992736826,17.9879462216041,160.061345159392,0.264031684693312,0.0127955493741307,0,0,0.0127955493741307,0.0127955493741307,0.0297635605006954,0.941307371349096,0.492946605141727,0.202373104812129,0.480328032761791,4354.4560546875,118235.390625,59.3070182800293,sewa_DRP2,911.598510742188,0.466822147369385,13.446385383606,122068.125,0.151335477828979,8737.9150390625,4.98075678478926e-5,28.1381950378418,0.948038101196289,47.9612007141113,31,25,30,16,20,20,18,8,28,19,20.25,12.5,21.8333333333333,7.57225433526012,25
sewa,DSP1,0.0171983356449376,0,0,0,0.254646324549237,0.049375866851595,0,0.0158113730929265,0,0.0105409153952843,0,0,0,0.0260748959778086,0.0205270457697642,0.0346740638002774,0.379472954230236,0,0,14.72,2.77392510402219,65.5570966250578,80.9186588439132,1.12984110131756,0.32122052704577,0.0158113730929265,0.0105409153952843,0.337031900138696,0.347572815533981,0.408321775312067,0.4,0.719541139240506,0.639636075949367,0.598075399268281,234.136138916016,122888.9921875,12.351824760437,sewa_DSP1,1013.68402099609,0.43645179271698,5.77377843856812,43595.5703125,0.121693804860115,10111.7255859375,3.30266593664419e-5,9.79586124420166,1.18407166004181,50.5200805664062,32,14,21,7,17,22,15,17,14,23,16.75,11.625,18.9166666666667,6.5606936416185,22
sewa,DWP1,0,0,0,0,0,0,0,0.00473537604456825,0,0.00139275766016713,0,0,0,0,0,0.00334261838440111,0.928133704735376,0.0623955431754875,0,3.06,0.309501702259362,5.94243268337976,NA,0.286450690283474,0,0.00473537604456825,0.00139275766016713,0.00473537604456825,0.00612813370473538,0.00947075208913649,0.928133704735376,0.13529179291266,0.0599394019233303,0.222804275918018,930.53076171875,58974.82421875,78.0552749633789,sewa_DWP1,383.815063476562,0.590599179267883,17.1782054901123,203994.34375,0.449401527643204,14441.2890625,0.00227422104217112,27.6312503814697,2.80875825881958,50.1496849060059,16,27,33,25,28,25,26,13,27,31,23,13.5,24.3333333333333,8.4393063583815,27
sewa,FGL1,0,0,0,0,0.00334261838440111,0.00835654596100279,0,0.00724233983286908,0,0.00807799442896936,0,0,0,0.00194986072423398,0.00473537604456825,0.00139275766016713,0.953760445682451,0.011142061281337,0,1.635,1.85701021355617,15.5988857938719,216.925824035673,0.22670904567165,0.0116991643454039,0.00724233983286908,0.00807799442896936,0.018941504178273,0.0270194986072423,0.0303621169916435,0.958495821727019,0.604614370468029,0.450362557679631,0.551969321334661,1180.5966796875,56383.08984375,49.78955078125,sewa_FGL1,414.876281738281,0.457268536090851,5.4626784324646,244781.21875,0.375022143125534,11932.498046875,0.027448171749711,21.7037334442139,1.10559916496277,50.936710357666,19,22,20,32,25,24,28,18,22,21,21.5,10.625,21.4166666666667,7.42774566473989,24
sewa,FRD1,0.0455944055944056,0,0,0,0.0763636363636364,0.327552447552448,0,0.0360839160839161,0,0.0195804195804196,0,0,0,0.151048951048951,0.217062937062937,0,0.126713286713287,0,0,30.1628571428571,2.17560217560218,89.8834498834499,60,0.869782793857989,0.449510489510489,0.0360839160839161,0.0195804195804196,0.485594405594406,0.505174825174825,0.656223776223776,0.343776223776224,0.956498813604007,0.929343527550751,0.806687909739488,56.1112060546875,135492.0625,2.03275394439697,sewa_FRD1,130.527221679688,0.401117503643036,0.116962738335133,22016.70703125,0.0361604541540146,1179.60620117188,NA,1.36604571342468,0.100000001490116,52.759220123291,7,6,4,2,2,2,NA,28,3,2,9.75,1.875,7.75,2.6878612716763,2
sewa,HCN1,0,0,0,0,0.0144324174299195,0.00943658062725507,0,0.00555092978073827,0,0.00249791840133222,0,0,0,0.0108243130724396,0,0.00749375520399667,0.852900360810436,0.0968637246738829,0,2.715,1.85030992691276,19.0581922472014,137.360679774998,0.512087570660738,0.0238689980571746,0.00555092978073827,0.00249791840133222,0.0294199278379128,0.0319178462392451,0.0502359145156814,0.852900360810436,0.264205669083718,0.162162162162162,0.304928179877132,843.696472167969,61698.06640625,65.3861236572266,sewa_HCN1,378.768341064453,0.590599179267883,10.3587408065796,216355.859375,0.611116945743561,15795.01953125,0.0035276566632092,16.4953022003174,1.39366972446442,50.2934112548828,15,28,26,29,30,26,27,15,19,26,22,12.125,22.75,7.89017341040462,26
sewa,HFW1,0.0191453940066593,0,0,0,0.0160932297447281,0.0213651498335183,0,0,0,8.3240843507214e-4,0,0,0,0.0238623751387347,0,5.5493895671476e-4,0.918146503884573,0,0,2.41363636363636,3.39129362436799,27.3769885312616,155.065441938127,0.28327307654375,0.0566037735849057,0,8.3240843507214e-4,0.0566037735849057,0.0574361820199778,0.0818534961154273,0.918146503884573,0.625049439683586,0.427949901120633,0.538298621682613,1690.01232910156,97799.8984375,53.003589630127,sewa_HFW1,161.760589599609,0.454377353191376,1.64166378974915,211000,0.0540319159626961,5487.25439453125,1.45321491800132e-5,10.6546955108643,0.238535284996033,48.6684150695801,10,21,11,28,7,15,9,9,15,9,15,4.625,13.0833333333333,4.53757225433526,11
sewa,IRP1,0.0169256381798002,0,0,0,0.00221975582685905,0.0346836847946726,0,0.0013873473917869,0,0,0,0,0,0.00499445061043285,0,0.00471698113207547,0.907047724750278,0.0280244173140955,0,2.6325,2.46639536317672,26.267110617832,80.6705851807515,0.366213899034523,0.0538290788013319,0.0013873473917869,0,0.0552164261931188,0.0552164261931188,0.0649278579356271,0.907047724750278,0.777939042089985,0.508642301095131,0.5995804710262,2392.12036132812,131548.046875,42.1786499023438,sewa_IRP1,502.174499511719,0.450740844011307,1.02703893184662,85297.265625,0.0732424408197403,3786.73120117188,3.76666466763709e-5,4.51454877853394,0.135660201311111,47.1795845031738,23,20,8,12,11,11,17,7,8,6,11.5,6,11.6666666666667,4.04624277456647,9
sewa,JBP1,0.0152608213096559,0,0,0,0.0882352941176471,0.0357935627081021,0,0.00499445061043285,0,0.00166481687014428,0,0,0,0.0815760266370699,0.00554938956714761,0.0013873473917869,0.729467258601554,0.0360710321864595,0,4.640625,4.93279072635343,68.1650018497965,87.4730697086622,0.716277208081371,0.139289678135405,0.00499445061043285,0.00166481687014428,0.144284128745838,0.145948945615982,0.228912319644839,0.735016648168701,0.855842785544711,0.657214455288842,0.662095095062286,1637.70617675781,134804.484375,30.1078224182129,sewa_JBP1,435.225891113281,0.436911106109619,1.74630010128021,209990.46875,0.0599999986588955,18145.111328125,3.04511631838977e-5,8.50245666503906,0.284368067979813,49.5427093505859,20,15,12,27,9,27,13,11,13,12,16.5,6.625,15.4166666666667,5.34682080924855,16
sewa,LTP1,0,0,0,0,0.0150964495387196,0.00642996924797316,0,0.013139502376293,0,0,0,0,0,0.0120212468549063,0.00251607492311993,0.00335476656415991,0.932625104836455,0.0148168856583729,0,2.685,1.86375920231106,14.5373217780263,213.360256007139,0.29239011923539,0.0215264187866928,0.013139502376293,0,0.0346659211629858,0.0346659211629858,0.050041934582052,0.935141179759575,0.456043231843944,0.214841175695268,0.457082776052088,3254.85913085938,109735.8125,61.2742919921875,sewa_LTP1,714.459106445312,0.433680832386017,6.94327354431152,49303.7421875,0.126274555921555,9034.18359375,3.15569777740166e-5,15.78759765625,1.23337316513062,50.2606964111328,27,13,22,8,18,21,14,14,18,25,16.5,11.5,18.6666666666667,6.47398843930636,20
sewa,LWP2,0.0225438352351795,0,0,0,0.00222655162816588,0.0100194823267465,0,0.0514890064013359,0,0,0,0,0,0.00361814639576955,0.0155858613971611,0.00667965488449764,0.760367381018647,0.127470080712497,0,2.83909090909091,3.40167609858676,39.1501994619167,104.54967192121,0.761476538693267,0.0347898691900918,0.0514890064013359,0,0.0862788755914278,0.0862788755914278,0.096576676871695,0.775953242415808,0.490705339485827,0.270665787738958,0.468231997054086,3207.26416015625,119529.4296875,47.3494758605957,sewa_LWP2,829.928588867188,0.45876532793045,8.62626552581787,161416.890625,0.104161031544209,5886.00048828125,1.68681781360647e-5,29.9912567138672,0.510938048362732,46.7134284973145,29,24,24,22,16,16,10,2,29,15,17.75,10.5,18.8333333333333,6.53179190751445,21
sewa,MBC1,0.0418060200668896,0,0,0,0.04041248606466,0.0337235228539576,0,0.00891861761426979,0,0.00613154960981048,0,0,0,0.116499442586399,0.0769230769230769,0.00278706800445931,0.672798216276477,0,0,6.21692307692308,4.02576489533011,58.7142326272761,95.2134958906699,0.810621435588258,0.115942028985507,0.00891861761426979,0.00613154960981048,0.124860646599777,0.130992196209588,0.250278706800446,0.749721293199554,0.931557431095872,0.85625741790848,0.754359457116182,551.281982421875,201386.109375,19.4714984893799,sewa_MBC1,57.0319900512695,0.408764898777008,1.44235730171204,55519.69140625,0.0438195280730724,1823.87622070312,7.25309178051248e-7,4.6410698890686,0.36768639087677,52.3770713806152,3,8,10,9,5,6,5,25,9,13,12,3.875,10.5833333333333,3.67052023121387,6
sewa,MGP1,0.00195476123987713,0,0,0,0,0.00502652890254119,0,0.00390952247975426,0,0.00726054174811505,0,0,0,0,0.0801452108349623,0.00865679977659872,0.426137950293214,0.466908684724937,0,1.728,1.55139780942629,15.4519221818859,375.173068960293,1.01839979877466,0.00698129014241832,0.00390952247975426,0.00726054174811505,0.0108908126221726,0.0181513543702876,0.0268081541468864,0.506283161128177,0.354647330257086,0.256954515491101,0.295900378001025,411.950897216797,87185.8125,20.1097774505615,sewa_MGP1,282.753356933594,0.449755549430847,1.11299884319305,69731.9296875,0.0800251364707947,2687.87915039062,3.44363870681264e-5,6.57991886138916,0.120313055813313,47.1751403808594,13,18,9,11,12,8,16,6,11,4,10.75,4.75,10.3333333333333,3.58381502890173,5
sewa,MPO1,0.0391280044717719,0,0,0,0.0494689770821688,0.477361654555618,0,0.0346562325321409,0,0.00111794298490777,0,0,0,0.03381777529346,0.0201229737283399,0,0.306316377864729,0.0380100614868642,0,25.5825,2.48431774423949,76.4859325507732,64.6352549156242,0.853373570161449,0.565958636109558,0.0346562325321409,0.00111794298490777,0.600614868641699,0.601732811626607,0.635550586920067,0.326439351593069,0.909150843881857,0.856276371308017,0.790414772404138,544.084716796875,104551.6796875,10.7518844604492,sewa_MPO1,109.320831298828,0.383472383022308,0.215926453471184,39256.890625,0.201687082648277,4715.0087890625,4.72254413352857e-7,3.7944118976593,0.887447714805603,54.8398132324219,5,4,6,5,21,14,4,31,7,18,14,6.25,13.5,4.68208092485549,12
sewa,MSR1,0,0,0,0,0,0,0,0,0,0,0,0,0,0,0.00138773244518457,0,0.998612267554815,0,0,0,0,0,0,0.0105181654328358,0,0,0,0,0,0,1,0.28558249868213,0.117422245651028,0.409976961369342,2159.53466796875,78423.8203125,63.8536148071289,sewa_MSR1,460.897857666016,0.608748614788055,14.8145694732666,241070.03125,0.414546281099319,31055.521484375,6.9454126060009e-4,30.5758380889893,3.44046878814697,47.0186233520508,22,29,31,31,26,29,19,4,30,33,23,14,24.6666666666667,8.55491329479769,28
sewa,MWP1,0,0,0,0,0.00167084377610693,0.0133667502088555,0,0,0,0,0,0,0,0,0.00891116680590365,0.00194931773879142,0.97270955165692,0.00139236981342244,0,2.745,0.618831028187753,5.29100529100529,678.822509939086,0.147363580615223,0.0150375939849624,0,0,0.0150375939849624,0.0150375939849624,0.0169869117237538,0.981620718462824,0.235992089650626,0.132102834541859,0.347996468702707,1261.38916015625,84471.46875,71.2711334228516,sewa_MWP1,457.703979492188,0.617654740810394,15.7420930862427,255325.109375,0.731558263301849,64798.23046875,0.00218713539652526,72.096305847168,3.43148708343506,45.0192375183105,21,32,32,33,31,31,25,1,32,32,24,14.5,25.6666666666667,8.90173410404624,30
sewa,NRP1,0.0208739215140551,0,0,0,0.0133593097689953,0.0217088783746173,0,0,0,0,0,0,0,0.00445310325633176,0.00250487058168661,0,0.93543000278319,0.00166991372112441,0,1.77545454545455,3.40167609858676,25.4197977548938,121.453219851998,0.257641045194856,0.0559421096576677,0,0,0.0559421096576677,0.0559421096576677,0.0603952129139995,0.937934873364876,0.737903757415952,0.518391562294001,0.591359130292885,1750.91271972656,125898.234375,43.7139587402344,sewa_NRP1,169.665130615234,0.421798408031464,3.71784400939941,209619.359375,0.0599999986588955,8254.640625,1.61099592332903e-6,17.3865814208984,0.770943105220795,50.0327835083008,12,10,17,26,10,19,7,12,20,17,15.25,7,14.8333333333333,5.14450867052023,15
sewa,PGP1,0,0,0,0,0.137309292649098,0.0252427184466019,0,0,0,0.00332871012482663,0,0,0,0.0496532593619972,0.0013869625520111,0.00748959778085992,0.673231622746186,0.102357836338419,0,5.16857142857143,4.31499460625674,56.3106796116505,90.3270846283276,0.843445992872593,0.1625520110957,0,0.00332871012482663,0.1625520110957,0.165880721220527,0.223023578363384,0.674618585298197,0.622726074347482,0.496308990245188,0.556337393721259,1551.3125,90742.4296875,32.4371681213379,sewa_PGP1,536.419372558594,0.613836705684662,9.15058994293213,151363.625,1.19676470756531,76122.3359375,0.00104272714816034,51.0757904052734,2.32429313659668,52.3134689331055,24,31,25,21,32,32,21,23,31,29,29.25,13.75,28.6666666666667,9.94219653179191,32
sewa,PHN1,0.00556328233657858,0,0,0,0,0,0,0.0386648122392211,0,0,0,0,0,0,0,0.00166898470097357,0.954102920723227,0,0,2.475,1.85442744552619,17.060732498841,91.1339203004914,0.186252453481337,0.00556328233657858,0.0386648122392211,0,0.0442280945757997,0.0442280945757997,0.0458970792767733,0.954102920723227,0.497694030834102,0.168533403610489,0.501300648690283,4215.4912109375,111462.4375,61.7296104431152,sewa_PHN1,857.042541503906,0.444061040878296,8.24829959869385,88047.4609375,0.103112496435642,5936.1103515625,1.93612831935752e-5,20.8353939056396,0.970369040966034,48.8975410461426,30,16,23,13,15,17,11,10,21,20,16,11,18,6.24277456647399,19
sewa,RHF1,0.0950517193178641,0,0,0,0.0760413754542913,0.451216102879508,0,0.025440313111546,0,0.0100642996924797,0,0,0,0.127760693318423,0.0891808778305843,0,0.125244618395303,0,0,31.6125,2.48501226974808,58.9879787531451,65.2437961412556,0.665342623784773,0.622309197651663,0.025440313111546,0.0100642996924797,0.647749510763209,0.657813810455689,0.785574503774112,0.214425496225888,0.967474321833026,0.946273373716092,0.847479037960124,62.356086730957,137418.390625,2.05790114402771,sewa_RHF1,126.280250549316,0.408043593168259,0.129595130681992,23465.3359375,0.0377650074660778,1204.71276855469,2.90999992103025e-7,1.54453122615814,0.100500844419003,52.5020904541016,6,7,5,3,3,3,1,27,4,3,10.25,2.125,8.25,2.86127167630058,3
sewa,RVP1,0.00361915367483296,0,0,0,0.017260579064588,0.0119710467706013,0,0.00584632516703786,0,0,0,0,0,0.00946547884187082,0.00417594654788419,0.00139198218262806,0.937360801781737,0.0089086859688196,0,5.34,0.927988121752042,14.8478099480327,62.3606797749979,0.274463776812554,0.0328507795100223,0.00584632516703786,0,0.0386971046770601,0.0386971046770601,0.049554565701559,0.941536748329621,0.530450830477195,0.237279198523596,0.484490867173421,6025.02001953125,89371.9453125,60.4018630981445,sewa_RVP1,825.08837890625,0.45811727643013,5.1115026473999,190407.9375,0.0938615426421165,4095.90356445312,7.0469477577717e-6,27.614294052124,0.215508133172989,46.9168472290039,28,23,18,24,14,12,8,3,26,8,16,8.5,16.3333333333333,5.66473988439306,17
sewa,RWP1,0.358590063835693,0,0,0,0.0566194837635304,0.331112961421038,0,0.00444074382459062,0,0.00388565084651679,0,0,0,0.080488481820705,0,0,0.164862614487927,0,0,67.7025,1.23353995127517,18.7806457581645,60,0.447645948305346,0.746322509020261,0.00444074382459062,0.00388565084651679,0.750763252844852,0.754648903691368,0.835137385512073,0.164862614487927,0.954119973632169,0.935266974291365,0.837658462914575,150.305770874023,110551.0625,5.94601106643677,sewa_RWP1,33.2607307434082,0.388611227273941,0.325540512800217,31236.001953125,0.0399999991059303,1392.998046875,2.96507892016962e-7,2.83782172203064,0.131086364388466,52.3770713806152,1,5,7,4,4,4,2,26,6,5,10.25,2.125,8.25,2.86127167630058,4
sewa,SVP1,0.00749167591564928,0,0,0,0.0785238623751387,0.00887902330743618,0,0.0105438401775805,0,0.00527192008879023,0,0,0,0.0480022197558269,0.277469478357381,0,0.563817980022198,0,0,7.35428571428571,2.15809594277963,42.8227894931558,174.092120325269,0.970945227683147,0.0948945615982242,0.0105438401775805,0.00527192008879023,0.105438401775805,0.110710321864595,0.158712541620422,0.841287458379578,0.800844104457927,0.718543919810076,0.688744390497843,165.687530517578,156339.53125,24.3085651397705,sewa_SVP1,59.0307579040527,0.425449162721634,3.68738079071045,141925.578125,0.0550398677587509,2970.31860351562,7.89621424246434e-7,11.6246871948242,1.18197548389435,51.3523216247559,4,12,16,19,8,10,6,20,16,22,14.5,6.25,13.8333333333333,4.79768786127168,13
sewa,SWD1,0.0395763656633222,0,0,0,0.0270345596432553,0.0256410256410256,0,0,0,0.00418060200668896,0,0,0,0.00808249721293199,0.012263099219621,0.00139353400222965,0.881828316610925,0,0,1.425,7.43218134522482,51.0962467484207,110.045836713325,0.402652467179144,0.0922519509476031,0,0.00418060200668896,0.0922519509476031,0.0964325529542921,0.105908584169454,0.894091415830546,0.860869565217391,0.7133069828722,0.68740967016996,1405.32141113281,204164.5625,30.4090557098389,sewa_SWD1,40.0300979614258,0.419935673475266,1.83664298057556,90487.125,0.0480549298226833,2410.13037109375,3.67102217069259e-7,5.44535207748413,0.457568317651749,52.3298377990723,2,9,13,14,6,7,3,24,10,14,12.5,4.375,11.25,3.90173410404624,7
sewa,TCC1,0.00471305794288883,0,0,0,0.021624618796784,0.0779040754089271,0,0,0,0.00471305794288883,0,0,0,0,0.00582201275298032,5.5447740504574e-4,0.884668699750485,0,0,3.95,2.77238702522872,29.7569540707883,105.341816631183,0.380576553156932,0.1042417521486,0,0.00471305794288883,0.1042417521486,0.108954810091489,0.109509287496535,0.890490712503465,0.658932102834542,0.379696769940672,0.585335786907333,2001.05615234375,83163.5078125,44.2534637451172,sewa_TCC1,164.920318603516,0.422573685646057,3.36676144599915,122758.921875,0.312171965837479,4344.30126953125,0.00216043926775455,12.094988822937,0.651664614677429,53.773567199707,11,11,15,17,23,13,24,30,17,16,17.75,8.125,17.25,5.98265895953757,18
sewa,TMF1,0.0391014975041597,0,0,0,0.252079866888519,0.489462007764836,0,0.0346644481419856,0,0,0,0,0,2.7731558513588e-4,0.0607321131447587,0,0.123682750970605,0,0,29.41,2.77315585135885,37.4376039933444,70.0731971348758,0.594885744384987,0.780643372157515,0.0346644481419856,0,0.815307820299501,0.815307820299501,0.815585135884637,0.184414864115363,0.988272499670576,0.963895111345368,0.854171628122399,45.1375465393066,116052,2.6757972240448,sewa_TMF1,297.000030517578,0.376994639635086,0.0700000002980232,67000,0.150000020861626,2809.18017578125,NA,0.839999973773956,0.25,56.6521224975586,14,2,1,10,19,9,NA,33,2,10,11.5,5.5,11.3333333333333,3.93063583815029,8
sewa,TMP1,0,0,0,0,0.0525876460767947,0,0,0,0,0.00333889816360601,0,0,0,0.00890372843628269,0,0.00751252086811352,0.765720645520312,0.161936560934891,0,2.6,2.78241513633834,20.3116304952699,121.054544367288,0.689210274789738,0.0525876460767947,0,0.00333889816360601,0.0525876460767947,0.0559265442404007,0.0723427935447969,0.765720645520312,0.231387534589537,0.184741072605086,0.256631297979666,601.125,90758.0546875,61.5197715759277,sewa_TMP1,649.541931152344,0.618502259254456,10.5675497055054,177338,1.44930899143219,102787.578125,0.0017424087272957,77.1113052368164,2.62782454490662,50.5100021362305,26,33,27,23,33,33,23,16,33,30,28.75,14.5,28.8333333333333,10,33
sewa,TRN1,0.0438670019558536,0,0,0,0.0737636211232188,0.347024308466052,0,0.0231908354288907,0,0,0,0,0,0.0335289186923722,0,0,0.477228276054764,0.00139703827884884,0,20.9925,2.48362360684238,91.7388469777405,84.1768894816041,0.701782047827933,0.464654931545124,0.0231908354288907,0,0.487845766974015,0.487845766974015,0.521374685666387,0.477228276054764,0.96123417721519,0.888844936708861,0.779343557938981,109.919250488281,94875.0078125,9.26653003692627,sewa_TRN1,147.000015258789,0.383397102355957,0.0900000035762787,41000,0.430000007152557,1700.31005859375,NA,2.25000023841858,0.25,55.4303436279297,9,3,3,6,27,5,NA,32,5,11,11.25,6.25,11.6666666666667,4.04624277456647,10
sewa,WCP2,0.0365921787709497,0,0,0,0.117597765363128,0.023463687150838,0,0.00251396648044693,0,0.00363128491620112,0,0,0,0.00167597765363129,0.00223463687150838,0.00865921787709497,0.798603351955307,0.00502793296089385,0,12.51,1.55183116076971,35.7541899441341,101.222889556006,0.538075481771118,0.177653631284916,0.00251396648044693,0.00363128491620112,0.180167597765363,0.183798882681564,0.194134078212291,0.800837988826816,0.516277843679979,0.369315935152234,0.513010250831886,1364.03552246094,54790.89453125,51.4249038696289,sewa_WCP2,612.625427246094,0.585625767707825,13.1953067779541,123758.4140625,0.276528239250183,19582.31640625,0.00115555350203067,25.2269229888916,1.65935790538788,51.8477516174316,25,26,29,18,22,28,22,21,25,27,25,12.875,25.25,8.75722543352601,29
sewa,WDG1,0,0,0,0,0.17913769123783,0.0250347705146036,0,0,0,0,0,0,0,0.00166898470097357,0.00556328233657858,0.00556328233657858,0.739082058414465,0.0439499304589708,0,17.1,1.23628496368413,33.9360222531294,153.651247353789,0.718190328050487,0.204172461752434,0,0,0.204172461752434,0.204172461752434,0.211404728789986,0.744645340751043,0.5042194092827,0.394119198312236,0.475482156960799,1065.21337890625,81032.1328125,48.7468643188477,sewa_WDG1,406.666198730469,0.609399795532227,11.2420034408569,150237.453125,0.586072564125061,32010.640625,9.7819615621119e-4,24.1096210479736,2.197589635849,52.1801376342773,18,30,28,20,29,30,20,22,24,28,26.5,12.875,26.25,9.10404624277457,31
